{"mrr": 0.007131465026201857, "pre": {"5": 0.0009569377990430622, "10": 0.0004784688995215311}, "pre_unfixed": {"5": 0.0009569377990430622, "10": 0.0004784688995215311}}