{"mrr": 0.08926186054167634, "pre": {"5": 0.029535590277777874, "10": 0.028114493772045928}, "pre_unfixed": {"5": 0.02578125000000011, "10": 0.014192708333333403}}