{"mrr": 0.08522440208466871, "pre": {"5": 0.03102500000000014, "10": 0.02727202380952399}, "pre_unfixed": {"5": 0.03100000000000014, "10": 0.025800000000000187}}