{"mrr": 0.03391121111605132, "pre": {"5": 0.011265664160400993, "10": 0.01060896288339897}, "pre_unfixed": {"5": 0.009624060150375929, "10": 0.00541353383458646}}