{"mrr": 0.0024604647373863337, "pre": {"5": 0.00045112781954887224, "10": 0.0007456140350877193}, "pre_unfixed": {"5": 0.00045112781954887224, "10": 0.0004511278195488722}}