{"mrr": 0.343871032217433, "pre": {"5": 0.1344262295081966, "10": 0.09435987509757995}, "pre_unfixed": {"5": 0.1344262295081966, "10": 0.09234972677595618}}