{"mrr": 0.16247509493206672, "pre": {"5": 0.05676691729323322, "10": 0.053386143931256784}, "pre_unfixed": {"5": 0.04887218045112809, "10": 0.02609022556390992}}