{"mrr": 0.0024165322624886128, "pre": {"5": 0.00025673940949935817, "10": 0.0005420054200542004}, "pre_unfixed": {"5": 0.00025673940949935817, "10": 0.0005134788189987163}}