{"mrr": 0.01864767261802245, "pre": {"5": 0.00633631194151097, "10": 0.006771820561422502}, "pre_unfixed": {"5": 0.00633631194151097, "10": 0.006742485783915507}}