{"mrr": 0.5073372403388655, "pre": {"5": 0.19825345247765921, "10": 0.1343655306693474}, "pre_unfixed": {"5": 0.19821283509341875, "10": 0.13403736799349988}}