{"mrr": 0.3699404761904761, "pre": {"5": 0.11000000000000001, "10": 0.07}, "pre_unfixed": {"5": 0.11000000000000001, "10": 0.07}}