{"mrr": 0.21752309165659744, "pre": {"5": 0.06720154043645718, "10": 0.05419493856592711}, "pre_unfixed": {"5": 0.06392811296534036, "10": 0.03851091142490388}}