{"mrr": 0.0264547049216635, "pre": {"5": 0.007302231237322517, "10": 0.005904085772239932}, "pre_unfixed": {"5": 0.007302231237322517, "10": 0.005679513184584181}}