{"mrr": 0.0035692892719699307, "pre": {"5": 0.0009748172217709179, "10": 0.0009748172217709179}, "pre_unfixed": {"5": 0.0009748172217709179, "10": 0.0009748172217709179}}