{"mrr": 0.18231346823737085, "pre": {"5": 0.06255144032921804, "10": 0.04206675811614077}, "pre_unfixed": {"5": 0.06255144032921804, "10": 0.04197530864197525}}