{"mrr": 0.012183605660619785, "pre": {"5": 0.002799479166666668, "10": 0.0024424396494709}, "pre_unfixed": {"5": 0.002517361111111112, "10": 0.001302083333333334}}