{"mrr": 0.005217589428115733, "pre": {"5": 0.0, "10": 0.0004784688995215311}, "pre_unfixed": {"5": 0.0, "10": 0.0004784688995215311}}