{"mrr": 0.21172804391217614, "pre": {"5": 0.07879999999999997, "10": 0.06690476190476206}, "pre_unfixed": {"5": 0.07879999999999997, "10": 0.06620000000000018}}