{"mrr": 0.22670248550518074, "pre": {"5": 0.0691999999999999, "10": 0.05747698412698419}, "pre_unfixed": {"5": 0.0691999999999999, "10": 0.05700000000000008}}