{"mrr": 0.1905465582272508, "pre": {"5": 0.06200000000000002, "10": 0.0507936507936508}, "pre_unfixed": {"5": 0.060000000000000026, "10": 0.03500000000000002}}