{"mrr": 0.04010752688172041, "pre": {"5": 0.006666666666666667, "10": 0.006666666666666667}, "pre_unfixed": {"5": 0.006666666666666667, "10": 0.006666666666666667}}