{"mrr": 0.17030329341317438, "pre": {"5": 0.055599999999999865, "10": 0.03931587301587303}, "pre_unfixed": {"5": 0.055599999999999865, "10": 0.0386}}