{"mrr": 0.02871141372962894, "pre": {"5": 0.005761316872427983, "10": 0.0037037037037037034}, "pre_unfixed": {"5": 0.005761316872427983, "10": 0.0037037037037037034}}