{"mrr": 0.22178280451740426, "pre": {"5": 0.07190669371196746, "10": 0.048015873015873047}, "pre_unfixed": {"5": 0.07180527383367132, "10": 0.046653144016227215}}