{"mrr": 0.008601183405174847, "pre": {"5": 0.0, "10": 0.002185792349726776}, "pre_unfixed": {"5": 0.0, "10": 0.002185792349726776}}