{"mrr": 0.025855916381164724, "pre": {"5": 0.008113590263691685, "10": 0.00810715090633955}, "pre_unfixed": {"5": 0.008113590263691685, "10": 0.007910750507099395}}