{"mrr": 0.11044163245757722, "pre": {"5": 0.04114166666666692, "10": 0.03377043650793667}, "pre_unfixed": {"5": 0.04080000000000026, "10": 0.03080000000000026}}