{"mrr": 0.013004196199624125, "pre": {"5": 0.0035879629629629642, "10": 0.003235573743386244}, "pre_unfixed": {"5": 0.003211805555555557, "10": 0.0017795138888888895}}