{"mrr": 0.07099594145043285, "pre": {"5": 0.024799999999999982, "10": 0.026799999999999956}, "pre_unfixed": {"5": 0.024799999999999982, "10": 0.026799999999999956}}