{"mrr": 0.0027088123686326467, "pre": {"5": 0.0007488232777064611, "10": 0.0010055626872058194}, "pre_unfixed": {"5": 0.0005134788189987163, "10": 0.0005134788189987163}}