{"mrr": 0.4872849462365591, "pre": {"5": 0.17333333333333337, "10": 0.1166666666666667}, "pre_unfixed": {"5": 0.17333333333333337, "10": 0.1166666666666667}}