{"mrr": 0.0023073688636602706, "pre": {"5": 0.0005298013245033113, "10": 0.0003863134657836644}, "pre_unfixed": {"5": 0.0005298013245033113, "10": 0.00026490066225165563}}