{"mrr": 0.2372105941077118, "pre": {"5": 0.07606666666666667, "10": 0.054540079365079173}, "pre_unfixed": {"5": 0.07490000000000008, "10": 0.04694999999999975}}