{"mrr": 0.16816163845965018, "pre": {"5": 0.05558498896247246, "10": 0.054282560706401785}, "pre_unfixed": {"5": 0.043178807947019775, "10": 0.022119205298013207}}