{"mrr": 0.47414358901244996, "pre": {"5": 0.18560000000000068, "10": 0.13065000000000043}, "pre_unfixed": {"5": 0.18560000000000068, "10": 0.13060000000000044}}