{"mrr": 0.2379319510898467, "pre": {"5": 0.08668261562998394, "10": 0.06458001063264217}, "pre_unfixed": {"5": 0.08038277511961714, "10": 0.04928229665071766}}