{"mrr": 0.04073198079820529, "pre": {"5": 0.013399558498896243, "10": 0.013038473667612738}, "pre_unfixed": {"5": 0.010331125827814576, "10": 0.005298013245033115}}