{"mrr": 0.008594678070800648, "pre": {"5": 0.001092896174863388, "10": 0.0016393442622950822}, "pre_unfixed": {"5": 0.001092896174863388, "10": 0.0016393442622950822}}