{"mrr": 0.14895791274593734, "pre": {"5": 0.04879999999999991, "10": 0.0404}, "pre_unfixed": {"5": 0.04879999999999991, "10": 0.0404}}